Gender,Text,Depression
1,"@switchfoot http://twitpic.com/2y1zl - Awww, that's a bummer. You shoulda got David Carr of Third Day to do it. ;D",0
0,is upset that he can't update his Facebook by texting it... and might cry as a result School today also. Blah!,1
0,@Kenichan I dived many times for the ball. Managed to save 50% The rest go out of bounds,0
1,my whole body feels itchy and like its on fire,0
1,"@nationwideclass no, it's not behaving at all. i'm mad. why am i here? because I can't see you all over there.",0
0,@Kwesidei not the whole crew,0
1,Need a hug,0
1,"@LOLTrish hey long time no see! Yes.. Rains a bit ,only a bit LOL , I'm fine thanks , how's you ?",0
1,@Tatiana_K nope they didn't have it,0
1,@twittera que me muera ?,1
1,spring break in plain city... it's snowing,0
1,I just re-pierced my ears,0
0,@caregiving I couldn't bear to watch it. And I thought the UA loss was embarrassing . . . . .,0
0,"@octolinz16 It it counts, idk why I did either. you never talk to me anymore",0
0,"@smarrison i would've been the first, but i didn't have a gun. not really though, zac snyder's just a doucheclown.",1
1,@iamjazzyfizzle I wish I got to watch it with you!! I miss you and @iamlilnicki how was the premiere?!,0
1,Hollis' death scene will hurt me severely to watch on film wry is directors cut not out now?,1
0,about to file taxes,0
1,@LettyA ahh ive always wanted to see rent love the soundtrack!!,0
1,@FakerPattyPattz Oh dear. Were you drinking out of the forgotten table drinks?,0
0,@alydesigns i was out most of the day so didn't get much done,0
1,"one of my friend called me, and asked to meet with her at Mid Valley today...but i've no time *sigh*",0
1,@angry_barista I baked you a cake but I ated it,0
0,this week is not going as i had hoped,1
1,blagh class at 8 tomorrow,0
1,I hate when I have to call and wake people up,0
1,Just going to cry myself to sleep after watching Marley and Me.,1
0,im sad now Miss.Lilly,1
1,ooooh.... LOL that leslie.... and ok I won't do it again so leslie won't get mad again,0
0,Meh... Almost Lover is the exception... this track gets me depressed every time.,1
0,some1 hacked my account on aim now i have to make a new one,0
0,@alielayus I want to go to promote GEAR AND GROOVE but unfornately no ride there I may b going to the one in Anaheim in May though,0
1,thought sleeping in was an option tomorrow but realizing that it now is not. evaluations in the morning and work in the afternoon!,1
0,@julieebaby awe i love you too!!!! 1 am here i miss you,0
1,@HumpNinja I cry my asian eyes to sleep at night,1
1,ok I'm sick and spent an hour sitting in the shower cause I was too sick to stand and held back the puke like a champ. BED now,0
1,@cocomix04 ill tell ya the story later not a good day and ill be workin for like three more hours...,1
1,@MissXu sorry! bed time came here (GMT+1) http://is.gd/fNge,0
1,@fleurylis I don't either. Its depressing. I don't think I even want to know about the kids in suitcases.,1
0,Bed. Class 8-12. Work 12-3. Gym 3-5 or 6. Then class 6-10. Another day that's gonna fly by. I miss my girlfriend,1
0,really don't feel like getting up today... but got to study to for tomorrows practical exam...,1
1,He's the reason for the teardrops on my guitar the only one who has enough of me to break my heart,1
0,"Sad, sad, sad. I don't know why but I hate this feeling I wanna sleep and I still can't!",1
1,@JonathanRKnight Awww I soo wish I was there to see you finally comfortable! Im sad that I missed it,0
1,Falling asleep. Just heard about that Tracy girl's body being found. How sad My heart breaks for that family.,0
1,@Viennah Yay! I'm happy for you with your job! But that also means less time for me and you...,0
0,"Just checked my user timeline on my blackberry, it looks like the twanking is still happening Are ppl still having probs w/ BGs and UIDs?",0
0,Oh man...was ironing @jeancjumbe's fave top to wear to a meeting. Burnt it,0
1,is strangely sad about LiLo and SamRo breaking up.,0
0,@tea oh! i'm so sorry i didn't think about that before retweeting.,0
0,Broadband plan 'a massive broken promise' http://tinyurl.com/dcuc33 via www.diigo.com/~tautao Still waiting for broadband we are,0
0,"@localtweeps Wow, tons of replies from you, may have to unfollow so I can see my friends' tweets, you're scrolling the feed a lot.",0
0,our duck and chicken are taking wayyy too long to hatch,0
1,"Put vacation photos online a few yrs ago. PC crashed, and now I forget the name of the site.",0
1,I need a hug,0
0,"@andywana Not sure what they are, only that they are PoS! As much as I want to, I dont think can trade away company assets sorry andy!",0
1,@oanhLove I hate when that happens...,1
0,"I have a sad feeling that Dallas is not going to show up I gotta say though, you'd think more shows would use music from the game. mmm",0
0,Ugh....92 degrees tomorrow,0
1,Where did u move to? I thought u were already in sd. ?? Hmmm. Random u found me. Glad to hear yer doing well.,0
0,"@BatManYNG I miss my ps3, it's out of commission Wutcha playing? Have you copped 'Blood On The Sand'?",0
0,just leaving the parking lot of work!,0
1,The Life is cool. But not for Me.,1
0,"Sadly though, I've never gotten to experience the post coitus cigarette before, and now I never will.",0
1,I had such a nice day. Too bad the rain comes in tomorrow at 5am,0
1,@Starrbby too bad I won't be around I lost my job and can't even pay my phone bill lmao aw shucks,1
1,Damm back to school tomorrow,0
0,"Mo jobs, no money. how in the hell is min wage here 4 f'n clams an hour?",1
1,@katortiz Not forever... See you soon!,0
1,"@Lt_Algonquin agreed, I saw the failwhale allllll day today.",0
0,@jdarter Oh! Haha... dude I dont really look at em unless someone says HEY I ADDED YOU. Sorry I'm so terrible at that. I need a pop up!,0
0,@ninjen I'm sure you're right... I need to start working out with you and the Nikster... Or Jared at least!,0
1,i really hate how people diss my bands! Trace is clearly NOT ugly!,1
0,"Gym attire today was: Puma singlet, Adidas shorts.......and black business socks and leather shoes Lucky did not run into any cute girls.",0
0,Why won't you show my location?! http://twitpic.com/2y2es,0
0,No picnic my phone smells like citrus.,0
1,"@ashleyac My donkey is sensitive about such comments. Nevertheless, he'd (and me'd) be glad to see your mug asap. Charger is still awol.",0
0,No new csi tonight. FML,0
1,i think my arms are sore from tennis,0
1,wonders why someone that u like so much can make you so unhappy in a split seccond . depressed .,1
0,sleep soon... i just hate saying bye and see you tomorrow for the night.,1
0,"@statravelAU just got ur newsletter, those fares really are unbelievable, shame I already booked and paid for mine",1
0,missin' the boo,0
0,@markhardy1974 Me too #itm,0
0,Damn... I don't have any chalk! MY CHALKBOARD IS USELESS,0
0,"had a blast at the Getty Villa, but hates that she's had a sore throat all day. It's just getting worse too",1
0,@msdrama hey missed ya at the meeting sup mama,0
0,"My tummy hurts. I wonder if the hypnosis has anything to do with it? If so, it's working, I get it, STOP SMOKING!!!",0
0,why is it always the fat ones?!,1
1,"@januarycrimson Sorry, babe!! My fam annoys me too. Thankfully, they're asleep right now. Muahaha. *evil laugh*",0
1,@Hollywoodheat I should have paid more attention when we covered photoshop in my webpage design class in undergrad,0
1,wednesday my b-day! don't know what 2 do!!,0
1,Poor cameron (the hills),0
1,"pray for me please, the ex is threatening to start sh** at my/our babies 1st Birthday party. what a jerk. and I still have a headache",1
0,"@makeherfamous hmm , do u really enjoy being with him ? if the problems are too constants u should think things more , find someone ulike",0
0,Strider is a sick little puppy http://apps.facebook.com/dogbook/profile/view/5248435,0
1,"so rylee,grace...wana go steve's party or not?? SADLY SINCE ITS EASTER I WNT B ABLE 2 DO MUCH BUT OHH WELL.....",1
1,"hey, I actually won one of my bracket pools! Too bad it wasn't the one for money",0
0,"@stark YOU don't follow me, either and i work for you!",0
0,A bad nite for the favorite teams: Astros and Spartans lose. The nite out with T.W. was good.,0
0,Body Of Missing Northern Calif. Girl Found: Police have found the remains of a missing Northern California girl .. http://tr.im/imji,0
0,"@mangaaa I hope they will increase the capacity fast, yesterday was such a pain. Got the fail whale +15 times in 2 hours....",0
1,Behind on my classes for work,0
1,watching &quot;House&quot;,0
1,@kpreyes Remember my bum leg? Strikes back this time its serious,0
0,"@paradisej cool, i will. their are all kinds of complaints about this laptop online about overheating, but no recalls",0
0,Emily will be glad when Mommy is done training at her new job. She misses her. http://apps.facebook.com/dogbook/profile/view/6176014,0
0,would rather the first party send bad messages than the 3rd party send mixed ones Sophmore year all over again?,0
0,@Henkuyinepu it's overrated,0
0,@marykatherine_q i know! I heard it this afternoon and wondered the same thing. Moscow is so behind the times,0
1,laying in bed with no voice..,0
1,I'm sooo sad!!! they killed off Kutner on House whyyyyyyyy,1
1,@jacobsummers Sorry tell them mea culpa from me and that I really am sorry.,0
1,"@Alliana07 it didn't make any sense to me, the suicide thing. I refuse to believe that that is actually what happened.",0
1,@salancaster hope your ok.,0
0,@mercedesashley Damn! The grind is inspirational and saddening at the same time. Don't want you to stop cuz I like what u do! Much love,0
1,@HibaNick yeah aw but i know i wudnt stand a chance,0
1,ugh. cant sleep. its 1:30am.,0
0,Hanging in Crooners. Wanna sing. Can't. Sucks.,0
1,@eRRe_sC aaw i miss ya all too.. im leaving to BH tomorrow &quot;morning&quot; i think.. aww i wanna go to the beach w u girls!!,0
1,Is pissed off that there's no ASBA's for a radio station.,0
1,wednesday my b-day n don't know what 2 do!,0
1,I know my life has been flipped upside down when I just thought in my head that some Ramen sounds good.,1
1,I am in pain. My back and sides hurt. Not to mention crying is made of fail.,1
1,"Late night snack, glass of OJ b/c I'm &quot;down with the sickness&quot;, then back to sleep...ugh I hate getting sick...",1
1,@allyheman but.. but.. but.. I'm not a big fan on camilla belle,0
1,"@grum WAH I can't see clip, must be el-stupido work filters. Can't wait 'till I get a 'puter. Something else 2 blame ex 4. He broke mine",0
0,This week just seems to get longer and longer in terms of how much I need to do.. and how much I'm actually going to get done,1
0,I'm so cold,0
1,@thecoolestout Ehhh don't. Weather's gonna take a turn for the ugly tomorrow,0
0,@chelserlynn haha its so cooooold in the d! and no but you should still go to the show. they do some incredible stuff,0
0,Hoping the tummy rumbles go away soon,0
0,"@Knights_ No, no notice. They told me I'd be working tomorrow, and then I called the agency to follow up and they said it was over.",0
1,almost bedtime,0
0,I'm missing you babe.. but as long as your alive I'm happy.. Yawwwnn.. I'm tired my love imma try to sleep hopefully you had a headstart,1
0,Agh...snow!!!,0
0,i miss kenny powers,0
0,"@BridgetsBeaches Thank you for letting people know, but now I'm sad that the direct message I got wasn't actually from Bridget",0
0,"...and, India missed out its 100th Test victory n 10th consecutive win without a loss.",0
1,@JonathanRKnight I guess that's a no then.,0
0,sadly is going to bed.,0
0,@ozesteph1992 Shame to hear this Stephan,0
0,@mrsaintnick hey! i'm leavin in the morning...,0
0,"Was intending to finish editing my 536-page novel manuscript tonight, but that will probably not happen. And only 12 pages are left",0
0,laid around too much today... now my head hurts,0
0,@twista202 I still haven't read the 9th&amp;10th Princess diaries Saving Francesca made me cry at the end. Hmm those are easy books.,0
1,my nokia 1110 died..,0
1,My mom might have breast cancer won't find out anything for. Like a week I'm so worried!,0
1,Going to sleep. Hoping tomorrow is a better day.,1
0,@rumblepurr lol.. wish they understood daylight savings has ended though and breakfast is an hour later They keep waking the kids up too,0
1,@onemoreproject that is lame,0
0,I don't understand... I really don't,1
0,HEROES just isn't doing it for me this season...,1
0,Living not downtown sure isn't much fun.,0
1,@jonathanchard Not calorie wise I wish junk food was calorie free! I ate a thing of sour skittles and a big ass cherry coke!,1
1,Man Work is Hard,1
0,"getting sick time for some hot tea, studying, and then sleeeep",1
0,Getting eyebrows waxed. More pain,1
1,No phantasy star yesterday going to work...,0
0,Oh - Just got all my MacHeist 3.0 apps - sweet. Didn't get the Espresso serial no though although they said they sent it - oh well,0
0,Picked Mich St to win it all from the get go. Was feeling pretty good about that pick all the way up until......tonight. A's lost too,0
0,is alone downstairs...working,1
1,I feel bad for doing it,1
0,"@RyanSeacrest is it just me, or she hates anoop. i mean seriously, she's kinda mean to him.",1
0,@pinkserendipity yes sprint has 4g only in baltimore and chicago so far,0
1,I'm stuck awake in the middle of the night for the second day in a row. And I felt terrible yesterday.,1
1,Thanks for bursting my bubble,0
0,Going to school soon... can't find anything to wear!! gosh it's so hard,1
1,@marieclr I was serious LOL,1
0,@naughtyhaughty I had on my page for sooooo long!!! Until it got deleted Sad day in history,1
1,Crazy wind today = no birding http://ff.im/1XTTi,0
1,currently at work..,0
1,Grrr.. my ipods acting weird too! Jai ho and thinking of you aren't playing the full songs.. ughh.,0
1,@penndbad send me the DVD cos I have missed out on heaps NOT happy about that!,1
1,i don't see the big deal with this website,0
1,@machineplay I'm so sorry you're having to go through this. Again. #therapyfail,0
0,@ColinDeMar Far too out of the way for rail. any other tips?,0
1,I'm not still up I swear. Why do I keep losing. gaining. losing. gaining. tweeps? So heart wrenching.,1
1,"Today I realized I am too good at hiding things, even I can't find it",1
1,"Staying at a friends house...house sitting, neighbors are SO loud-having a party",0
0,@dannyvegasbaby danny im upset that i wasnt here to watch the live chat i was in a car. for 3 hours on a trip im soooo upset!!,1
1,Check out my mug http://www.erika-obscura.blogspot.com,0
0,Borders closed at 10,0
0,Downloading NIN's new album &quot;the slip&quot; - when the hell did this come out? I'm so behind the times these days,0
1,Just woke up an already have written some e-mail... I've to go early at University today as I have to teach at 8:30 AM!,0
0,is watching the hill . . .and its making me sad,1
1,So many channels.... yet so so boring... lazy day again may have to find a hobby,1
0,@supersport I miss my buddy ill be in NY on the 25th,0
0,@robluketic love the french. I tell people here in the south i'm qtr. french and they snarl at me. french are beautiful people,0
0,Opps.. As I said.. I still got one day remain and now problem come,1
1,"I activated my Selfcontrol block early, meaning I can't check out the new QC. Regularizing my internal clock is might be difficult. #fb",0
1,@HillyDoP oH NO,0
0,spencer is not a good guy.,0
0,"@goodlaura What about Reese dying on #TTSC? And season finale next week. #24 boring, Madame President is a crazy woman.",0
1,"@JonathanRKnight I hate the limited letters,too.Hope you and the guys are fine?I pray for my dog,she•À?s not well",1
1,didn't get shit done today ~ i'm so screwed,1
1,wanttss to go out,1
1,Is not going to sleep tonite.,1
0,too worried and tired to post tonight,0
1,couldn't get shit done today ~ i'm so screwed,1
0,"Job Interview in Cardiff today, wish me luck! Got about 3 hours sleep",0
0,"@stustone Your show is whack. Way worse than whack, it's wiggety-whack.",1
1,@DjAlizay I really don't think people choose to be that way. But I think he chose not to accept my family's help He might be dead by now,1
0,"@eloquentembrace You're going to kill me, but I've not seen DS9. I've been waiting till I can do it in one solid week sitting.",1
1,@cheechbud i think ur right!! hahaha!! 4.5 hrs now!!,0
1,i hate to see the spartans so sad,1
1,My mind and body are severely protesting this &quot;getting up&quot; thing. Had nightmares to boot,1
1,"@MySteezRadio I'm goin' to follow u, since u didn't LOL GO ANGELS!",0
0,@twista202 I think I want to read some books but the library doesn't have them,0
1,My nap was interrupted so many times today Going out for Japanese with the 'rents again...,1
1,Kind of longs for the bus that shows up at the end of Ghost World right now. Ugh.,1
0,@GuruMN but this is canada canada is weird. we're supposed to get snow through wednesday. ugh.,1
0,Awwh babs... you look so sad underneith that shop entrance of &quot;Yesterday's Musik&quot; O-: I like the look of the new transformer movie,0
0,sad that the 'feet' of my macbook just fell off,1
0,I'm gonna get up late tomorrow and it's 132am here. I gonna get tipsy by my lonesome. That's...that's just sad,1
0,"I'm sweating my forthcoming trip to E3. If I can't find someone to crash with while I'm out there, I may be screwed.",1
1,"Has now gotten somebody to read his tweets, but cant get them to make an account.",0
0,@infinitydefines omgawd i couldnt handle my cat being in heat all the time D: D:,0
1,@DonnieWahlberg I hope i can make it to the auburn show. but its not looking good for me,1
1,@breadandbadger Congrats!! i totally forgot to submit photos,1
1,"@PaulaAbdul awww, Good luck Paula!! Please don't work too hard but I hope you have fun Your new album is gonna be amazing! xxx",0
1,@imaginarypeach now your leaving me .... -gets sad-,1
0,"I miss you twitter. My phone broke, now I'm using a stupid Nokia phone. Ughhh, I miss my advance phone.",1
0,SHOOTING OUTSIDE MY HOUSE :O NOT KIDDING! So SCARED,1
0,Tuesday•À?ll start with reflection •À?n then a lecture in Stress reducing techniques. That sure might become very useful for us accompaniers,0
1,What tragedy and disaster in the news this week,0
1,yes yes still trying to find a picture that will upload correclty..,0
0,Why oh why was the Red Sox game rained out? I was so looking forward to opening day,0
0,I still can't find my keys.,1
0,@charlietm I know right. I dunno what is going on with twitter.,0
1,might be getting a sore throat again,1
1,@labelsnotlove my home town. My mammy called all depressd. Pls explain y a parent let their 8yr old child walk alone? Hello? Its 2009!,1
1,@ircmaxell - I think I need to find better anti-depressants. I think this Paxil/Wellbutrin combo is losing its efficacy.,1
0,@MyConnecticut Restaurant called WoodNTap has competitive eating tourney round tourney time. We place 2nd,0
1,is in the bathroom... wake up lakin.,0
0,@CaitlinOConnor i want tacos and margarhitas telll gay i say hello&lt;3,0
1,"im lonely keep me company! 22 female, california",1
1,bad day at the betfair office,1
0,I miss him. Can't wait to celebrate the Tar Heel win this weekend though!!,1
1,I'm really cold. I don't want to go to sleep yet but there's nothing to do,0
1,@kristencampisi is this it 4 u? Its ' officially over ' 4 me this go round!,1
0,monkeys??? i just found out you my twin and you wont even write back. i'm heartbroken,1
1,@miss_om Aww I know I felt like that yesterday at work,0
0,@SarahReedSC treaty isn't defined,0
0,missed Brent at praise band. No fun to not have the your lead guitarist. &lt;pout&gt;,1
1,@jpfurry poor john this is what happens when you play with fruit and a microwave! Seriously though HAVE you seen a doctor?? Xxx,0
1,Missing My BFF watching home and away it reminds me of her and me we &lt;3 It. shout out to u courts,1
1,New video card is DOA.,0
1,"feeling lost, naked and confused (JK, sort of).....no iphone for me.",1
0,"Damn i am so late at filling this appraisal form, people have almost sent it .. i was so occupied in work",1
0,missed Brent at praise band. No fun to not have your lead guitarist. &lt;pout&gt;,0
1,i think to much on the past. i cant change it. i deserved so much more then wat i got. ..but why am i still thinking about him gah,1
1,has lost his ring. It's no-where to be seen,0
1,"@burgaw Ooooooh! *sealclap* See, I download shitloads of zip folders off 4chan. I have no internet moneys. FUCK YEAH ALICIA &amp; MIKEY.",1
1,Is still nursing my Nile but glad he is feeling better. I hate when my baby is sick,0
0,Is fucked to go back to IC,0
0,@Brandizzzle08 yoyoyo. my internet has been rude tonight. it JUST reconnected and I'm about to go to bed.,0
0,@jemcam well i have uni stuff and netball but after netbal if i've done uni stuff we can,0
0,@kissability Me too I is poor,1
1,help me forget 8th april &amp; 13th july!,1
0,"dierks bentley is comin' to columbus, OH!! i wanna go so bad",0
1,i have to take my sidekick back.,0
0,@chriscantore congrats! I'm totally jealous! only wish my XM was working,0
1,gr8t my face is very itchy,1
0,poor socks luvvvvv the golden retriever!! I want one sighhhh,0
0,I just saw that they found that Tracy girl in a piece of luggage... How fucking terrible,0
1,Aaaaand the nausea is back.,0
1,@DonnieWahlberg ooh I•m excited and not even going 2 be there long love YOUTUBE!,0
0,spent 1 hour to reach to Axis bank only to find out today is holiday for Mahavir Jayanti contd..,0
0,@mathewsmichael i agree... the jobros dont update theres very often,0
0,@fishmouse it is hilarious and I linked the clip from LJ some time ago but when I went back just now it was a dead link,1
0,@DiannePulham OOOOOOOO who with? (im not neither but thats because i need to study ),0
0,"Haven't tweeted nearly all day Posted my website tonight, hopefully that goes well Night time!",0
0,@bostongarden I miss bentley,1
0,seriously needs to finish these job applications,0
0,"My son Vincas is sick, so I stay at home Just three tense days at work, and I am back on holiday with kids",1
1,Whinging. My client&amp;boss don't understand English well. Rewrote some text unreadable. It's written by v. good writer&amp;reviewed correctly.,0
1,@huntermoore I don't want him to ever punch me.,1
0,sooo sick of the snow ughh,1
0,@LoveMeagan it doesn't work your fan is upset,0
0,I would like to apologize for the repeated Video Games Live related tweets. I am going to have a stern discussion with Koodo soon. Stern.,1
1,@zaydia but i cant figure out how to get there / back / pay for a hotel etc,0
1,"FML: So much for seniority, bc of technological ineptness, I now have to &quot;register&quot; for classes AGAIN",0
1,feels like she slept the day away. Not looking forward to any more bouts with my gallbladder. At least I have pills now for the pain.,1
1,@ThaStevieG but what I really want is my old bass back,1
1,Mad tired today... Callin it in early tonight nighty night twittas,0
1,"@LevenRambin: Take it easy, and be good to you.",0
0,I'm afraid I had bad code.,1
1,Think I'm going to bed. Goodniight. I hate this,1
1,"@riancurtis i'm here, friend, and i love you.",0
0,@kariajay All this time you didn't notice I was gone...just needed DB2 is it??,1
0,@aaronrva is in the bathroom and i have to pee!,0
0,@ashleyskyy but I wanted a margarita too!,0
1,@KourtneyKardash yup night workouts r the worst but unfortunetly my work schedule only allows me to go at night its tough!,1
1,Just called Hillsong again - they said they couldn't tell me where I was on the waiting list - I don't know if it's looking so good,1
0,"has 0g of milky bar left, and around 200ml of coke",0
0,@jokerrrr It stillllll hasn't arrived,0
1,"Mraow, I feel like dancing, but first art school wants to rape me some more.",0
1,@karenucol ah! I bet it does I've been like craving to play softball or basketball !!! But I have noo time,0
0,Is terrified she accidentally deleted a reference in her management assignment and hopes she doesnt get in trouble when she gets back,1
1,@karenucol ah! I bet it does I've been like craving to play softball or basketball But I have noo time,0
1,Is terrified she accidentally deleted a reference in her management assignment and hopes she doesnt get in trouble when she gets back,0
1,amazon s3 plugin not worked in my website . it need PHP 5 . but my hosting provider has only PHP 4.4 . very sad.,0
1,"Argh! I was suuuper sleepy an hour ago, now I'm wide awake. Hope I don't stay up all night. :-/",0
1,"@austinhill I wish I was! Sold out If you have some time let me know, I would love to hear more about what you are up to!",0
0,Just watched tropic thunder. Dreading tomorrow,1
0,@qweendassah no...he's still miss'n...,1
0,ChiefDelphi is down,0
0,"according to my bro, our new puppy had a poo fight and was covered in poop (picture stolen from him)",0
1,playing game at home! my new boss didn't call me yet...,0
1,Su yin Huen tweeted I feel unbearable guilt. I made my staff cry,1
0,Poor Joshy is sick??? those damn tejanos!,0
0,My thoughts are with Sandra Cantu's family at this difficult and sad time,0
0,"@FranzGlaus I know, just wanted to let everybody know what was happening",0
0,Michigan who? I don't know them. sigh Shameful!,0
0,i have to fill two hours,0
0,"@alicayaba so cuuute! hey, i miss you na! its not the same not seeing you girls everyday",1
0,@JonathanRKnight Oh! Did I mention it? Gooooood Moooorniiiiiiing from Germany! Im back in my cage....or better...my office,0
0,throat is closing up and i had some string cheese. not a good idea,1
0,"Aww, Sandra Cantu is found dead in a suitcase Missing children stories never seem to go good. Poor family.",0
1,wishing i was home underneath my covers,1
0,walking home from school drains all my energy,0
0,"@ridley1013 I agree. The shapeshifting is a copout. I was so excited for Angela's ep, I thought it was this week. Noah was awesome tho!",0
1,@SaveTheStrib Dang! I would have done this if I knew it was there earlier. Any other outings planned?,0
0,I wish I was better at writing. It's taking me so long to write this paper.,1
1,and of course... I have access to my Halo 3 Mythic Map Pack re-download.. but bad news.. not the Legendary Map Pack... ugh.. 600MS...,0
1,"@vene2ia ...not yet unfortunately, another few weeks I've been told How are you? I've been a little bit busy with my latest project.",0
0,@thecoolestout Ha the sun's already gone,0
0,day 2. a lot harder than day 1. let's see how day 3 goes tomorrow.,1
1,My man crush Jake Peavy let me down gayforpeavy,0
0,"@trishzw megafast trip, you have time during day tom/weds? Or, you going out tonight? Want to see you bad. Tried to warn you, tech fail",1
0,michigan state you make me sad,1
0,omg. my mouth is in so much pain i just wanna sleep untill its time to take my braces off.,1
1,getting annoyed easily today biofuel proposal getting annoyed easily today,1
0,@MizzChievouz Hey girl. The site is back. Girlyvue is back and they have even more videos.,0
1,@a5hleyf i'm spending time with my grandma early tomorrow and i can't leave skittles by herself.,0
1,just got home from watching Michigan State get tromped!,0
0,"Oh jew-bus! Two years worth of classes' work is ALOT to organize i'm not finishing tonight, it's not possible...my bones ache",1
1,"@griffmiester no exchanging for me, my laptop hasn't arrived",0
1,@hyperbets i hope this doesn't last too long. i feel miserable!,1
1,@rcompo RACHEL! hang outage is neccessary - i was gonna be home this wekend but dumb folk make me work so im free F and Sat until 4...,0
1,@TheLeagueSF Not Fun Furious? The new mantra for the Bay 2 Breakers? It was getting 2 rambunctious the city overreacted clamped down,0
0,@amber_benson my hubby (for some reason) thinks it's more important he has a good spot for red carpet for the Trek Movie Premiere. Sod!,0
1,"I swear no matter how long I've been getting up at 5am, it never gets any easier. Man my eyes hurts wah",0
0,@Jeffree_Star Jeffree! How do you keep your hair one color? My PERMANENT dye fades within the week,0
0,"@otakusecret my reaction too whoa, didn't see that coming",0
1,"still sick. feeling a bit better, got some new medicine.... hope I feel good after a night of sleep. ohh, and it's suppose to snow! WTF!",1
1,"@Dangerm0use I think maybe you should get a couple more hours of sleep, hon. How productive can you be right now if ur dog tired? I worry",1
1,@maddyVA Thanks a lot. Learned a lot of new words but didn't find what I was looking for.,0
1,Wish I had all the XBLM downloads all on the gamertag 'Hitokyri'. This 5 gamertag thing is nonsense... and I'm tired of it,1
0,New Testament Test at 9:30 am,0
1,@ScoutBuck tons no hay Troll? ahhhh,0
1,stupid movies we watched... mirrors ugggggh... stooopeeed!!! rip off!,0
0,"I love you, Buck.",0
0,last one!!! but still not done!!!,0
0,homework....,0
0,I don't understand why things get taken away. I didn't have enough time with him its unfair. I want him back!! He was like my baby,1
0,Scratch that: du in heif (two in a half) cookies. My tum just can't take anymore shoog. Poots,0
1,@cococourtney i was just listening to the sweets for the first time in forever! i miss them so much can we go to chi town for visits plz?,0
1,"Geez what a busy afternoon. Meetings, emails, meetings and email and more meetings. 6pm and the day is still going! Ah its dark and",1
1,"DANG!!! ANOTHER SPRING BREAK!!! HOW COOL IS THAT??? TOO BAD I HAVE TO WORK ALL WEEK OH WELL, MORE MONEY FOR A PHONE. ttyl EVERBODY!!!",0
0,@Sara_Kate Im afraid too ( ur reply about uni from ages ago,1
1,feeling down,1
0,@CarVin1 lol they are some emotional ass men!! Omg all this late night eating.. Both of us are broke,0
1,"@nick_carter Aww Nick!! I like your hair longer, why did you cut it off? Break. My. Heart.",1
0,wonder if Jon lost the net,0
1,Wow. The most depressing thing in the world is losing a video that you've created in a matter of seconds. #FML,1
1,@nchokkan But all says not in stock,0
0,@Poohpot lmao im sorry poohpot i ate it all!,1
1,Any chance Softbelly (for @MTUB) isn't loud?,0
0,Time to move my posterior and lose some fat. My articulation are creaking so no more running but m drool for some swimming,0
0,listening to nathan cry....,1
0,today sucked. I'm gonna die without chris and callum! wahhh!,1
1,"STOU site not update, no info about 2/2552 exam, and open course, I must wait for mail notices and doc. um...",0
1,@ohsbrat30...I'm sorry. I'm feeling kinda yucky myself. 5am is going to come too quick,1
0,is in love with scrappy and is missin him already,1
0,wants to hear @seblefebvre 's song but myspace is messing with me,0
1,Bad news was Dad has cancer and is dying,1
1,@duchess_rebecca Man... intervention is soo sad,1
1,HELP! I need a new boyfriend... I'm stuck in a rut,1
0,I feel like a complete idiot. I'm the only one who doesn't get how this shit works help me,1
1,Saw an ad on Craigslist for a casting call for a female host on G4. I was totally psyched! But realized it was a hoax,0
1,Pepperoni rolls in L.A.? I called Valentino's - they said that they had sausage rolls but no pepperoni rolls,0
0,"@soillodge yes, it will be. it's only Monday",0
0,i want the new GG episode already,0
0,I miss watching Rocko's Modern Life.,0
1,RIP Sandra....its so sad how can someone do something like that??,0
0,Keeping my fingers crossed for my buddy He is not feeling well.,0
0,Wait should I eat?? Or be skinny for vegas!! I'm hungry!,0
1,"@Marge_Inovera I tried tweetdeck once and I hated it with a passion. Or it hated me, I'm not sure...",0
0,"@benackerman BTW my iPhone is acting funny, dying quickly and freezing and BS. I'm not admitting anything, just sayin",0
1,Sitting here wondering why still has such a strong hold on me,0
1,@bananaface IM SORRY I GOT YOU SICK. lol. going to bed too. NIGHT!,0
0,"@carolrainbow no Internet at home, have to drive into Ox to use Internet because of builders!",1
0,@Steve_Buscemi the weather in Canada is freezing,0
0,twiggassssssss I been out of range all day I'm back now and hopefully for good.,0
0,anyone who reads this pray for my Grandma. She's in pain,1
0,"woke up and was having an accident It's pushing, it's pushing he was crying because he couldn't stop from wetting his pants.",1
0,"Home from Franklin street, I almost jumped over a fire. Someone kicked it before I could. Jenny lost her shoe.",1
0,@johnnybeane hey! you just changed your default.,0
0,Finally gave in and was bored enough to start this thing. I think the 140 is going to be a problem for me tho. its like a myspace status.,1
0,"@ellievolia If oooonly we were really so lucky, eh? And awh Definitely too early for work.",0
0,buttload of homework!,0
1,needs another copy of visual studio 2008,0
0,"why to we, the only school in the world, be in this week.My school is silly anyway... look on the bright side. When i'm off, u will be in",0
1,omg i've an economics test. and i dont know all the things i have to know and omg im gonna fail,1
1,"@robcthegeek Once upon a time Hundred Islands was the pride of Philippine tourism, but coral/clam/rare fish poaching did it in. Kinda sad",0
1,"@Henkuyinepu yeah, apparently i have really bad taste",1
0,@hummiemd I KNOW! I was really surprised since everyone recommends them on youtube. I have to call them tomorrow and figure it all out.,0
0,Waiting at the airport for my ride while I get harassed by 2 men trying to sell me ugly hats.. Why me?! I just want to sleep..,1
0,i left my IDs at the location and now i can not go out to bars FUCKKKKKKKKKKKKK,1
1,@celycarmo i'm sorry I don't understand your last comment,0
0,@OfficialRandL when is the announcement? i stayed up late last night,0
1,"@KishoreK this is strange, illegal torrents avlbl everywhere, legal DVD not in stock What do I do now???",0
1,ITS NOT ENOUGH TO SAY THAT IMISS U,1
1,This trolley has up packed in like sardines! Padre game and they REMOVE a car?! Good call MTS,0
0,"@RandomlyNat Jeez, I was just trying to help Haha.",0
0,@SupaMagg that happened to me saturday night. along with my glittery green lighter!,0
0,trying to reduce the number of cigarettes in each day!,0
0,yea it is so quiet around here cuz everyone has to work im bored to death with nobody to talk to,0
0,gotta do my cooking assignment its too hard,0
0,"@treesahquiche okay, about the applepears, I've talked to a few people and they've ALL had them before. No one ever told me, never",1
0,"@jennifermf I know! I'm a night owl by nature, hahaha Am I a time zone behind you? It's almost 1 here",0
0,@mamasvan lol - nope! but i did have complete camerafail,0
1,@maxime68 @megelder But! I'm useless if I don't sleep It's not fair! I want all the fun as well!!!,1
0,My Pookie has a UTI. I have to be Nurse Gabbie and get him back to 100%!!! No more sodas!,0
1,@jillianfish tweet something damn it! and hang out with me please?,0
0,"I'm SO behind in video games, and everything for that matter. I'm yesterday's news",0
1,"@sleep_til_noon I did, it was the only one left but I got tempted and ate it soon as I got home I had a chocolate velvet ate d mocha",0
0,Is stressing out because my blackberry keeps flashing a red alert status for no reason!! Its faking me out and I hate it!!!,1
0,I wanna wear my Doc Martens out! Haven't worn them since December.,0
1,When to the shoe repair shop and the guy could not find my shoes! So I have to go back and see if he can find them in a couple days.,0
1,@B_Barnett I did not really see that coming,0
1,"just woke up from the most vivid, sketchy, not-cool dreams of my life. time to stare at the wall with the lights on.",0
1,it'll take 3 days for my sister to get her passport,0
1,@nicolerichie OH MY YES!! i miss,0
1,Uh oh... I think I am getting sick,1
1,Good GOD they ruined my belly button!!!,1
0,Watching Who Framed Roger Rabbit. Makes me miss Toon Town.,0
0,"@akianz renting.. but very cheap renting, and awesome house. We had 3 buying attempts fall through",0
0,running nose + spinning head = not a good combination for a meeting!,1
1,@EazyDoesIt87 NEGATIVE.. you lost my vote of confidence,1
1,Nasty budget due and my iphone is being sent to Apple today.,0
0,@Sofii_Noel thats bad,0
0,"Dammit, episode 3 of Kings won't play for some reason stopped in the middle now won't do anything",0
1,I'm so upset that I missed my chat and quiz online because my free internet has ceased,1
0,can't believe it! I'm in disbelief of it all in a way really. How much can I take from people and always get hurt by others!!,1
1,Car show season has started without me,0
1,my throat is raw.,0
1,@KevChoice I just don't get it. What in a persons mind could even have them on some ish like this??? My prayers are with her fam for real,0
1,@frago I hate you. I didn't need to see that. I need to call my therapist now.,1
1,Twilight didn't come yesterday fingers crossed for today,0
0,@NileLegania glad I was able help you feel better. I hate to see you sick Love you!,0
0,is tired. want to sleep but i have an assignment to finish and an exam tomorrow to study for,0
1,"You know, I was thinking... I need money",1
1,omg..its jst teusday,0
1,@ddlovato @David_Henrie ummmmm i cant find it.,0
0,Just heard that they found Sandra Cantu... She was only 8 yrs old,0
0,@corrosivecandy Ive forgotten how to snoo-snoo I wonder if snoo-snoo and I will ever meet again...,0
1,@AmaNorris wow that last tweet made me seem like a giant sexist...sorry about that,0
0,"My bathtub drain is fired: it haz 1 job 2 do, it iz FAIL. I got all Drano on its ass, iz STILL NOT DRAINING. I wanna shower, dangit!!",0
1,stuck at home,1
0,@nomadicmatt mine is 1/10 how do you get it up?,0
0,Duckling in famous children's book stolen from Boston's Public Garden - The Boston,0
1,"@Appomattox_News Thank you! However, I hate to be on the same list that includes 2 convicts.",0
1,"Heading to Altrincham, again! Out of hours install",0
1,MORNING!!! Good im bloody knackered!!! Work is not for me today HELPPP!!!!,1
1,@jeffreecuntstar I don't have a garage. But you can park in my driveway!,0
1,@lauredhel What happened?,0
1,"On popular music by T.W.Adorno is probably the most difficult reading ever prescribed, I'm actually struggling to continue",1
1,"cant see the flowers falling i dont have a camera, just my cellphone",0
1,"We've been good. I'm not liking the snow right now, was getting used to the nice Spring-like weather. How about you?",0
1,@brian_armstrong What a pity YouTube is currently blocked in China. I can't see the vids.,0
1,@margaretcho what happened to your show it was the hightlight of my life,0
1,This is the best leather sofa in the world! It's in the office though which means I'm still here working,0
1,Still 3 more days until my Internet gets uncapped,0
1,"If he doesn't get better in a few days, he could have something lodged in his belly",0
0,i Love my atekinzz so much. i soo miss her..,0
1,I wanna sneak into the zoo and play with the kitties,0
1,@lolitariot oh no hope you're not getting sick too!,0
0,@alejandralei i dont think i can cause its my cousins birthday party,0
0,"Our sweet little man just fell asleep while waiting up for daddy and big brother to get home! Poor baby, he missed them so much today!",0
0,the angel is going to miss the athlete this weekend,0
0,trust is hard,1
0,have watched that considering today. yaknow. shawnna tomomorrow;i need my bestfriend,0
1,Grr i want to keep reading but if i do i wont have anything left to read,0
0,"atekinzz, where in the world are you??",0
0,@RumLover No! u supposed to be my date,1
1,"pears Brie, bottle of Cabernet, and Win a Date With Tad Hamilton... oh gawwd my life flashed forward to when I'm 40 with my 75 cats",0
1,Crap. I need more dresses too.,1
0,@kaeeeep yeah! i know! it was horrible!!!! ugh. saddening.,0
1,@Brodhe geez ur no fun are you,0
1,I wanna be in a punk rock band again,0
0,@jyesmith That's a lot of angst for a Tuesday afternoon,0
1,I'm very glad Britney isn't crazy anymore! That was one hell of a show! Now I'm sad that it's over. Next up...AP at Cook County!,1
0,has a huuuge headache! omg I feel like crap!,0
1,@Anistorm Sorry,0
1,@cleders sorry...i was rooting for them too...,0
1,"Man, that took forever.",0
1,@shandasaurus I see.,0
1,I am listing more items on ebay to sell! Takes forever..meanwhile Coleman is watching The Hills season premier without me..,0
0,"Just got my presentation done, 23 slides done... I'm crying for this week will be the hardest of all weeks.",1
1,Just lost $160,1
1,I don't like the previously on skins thing that starts at season two. I like it when it went straight into the intro like before,0
1,@Houndour ...i wish i was there...i'm pretty good at scaring the shit out of people,0
1,Going to sound vain... but running out of my fav lip gloss,0
0,"@stuiy never again will I click on a link that screams, I'm a spider, I'm a spider I should have known better.",0
1,Why is that when you have time off from work you get sick?,0
1,@pratama Same iMac came out $320 more in Indonesia than the States.,0
1,Dammit... I need to stop buying furniture,0
0,@Miss_Sil no i was half asleep and turned off the laptop after that,0
1,"Death is peaceful, life however, bites",1
0,i think @JonathanRKnight lost the net ? sure hope not,0
1,test footage with my girlfriend (in HD) The dark one is underxposed,0
0,Such a tough game to watch tonight for State Finally going to bed after also staying up to watch the season premiere of the Hills!,0
0,Seems jRuby support for hpricot is now two versions behind,0
1,@JinxCat Unlike my sister...I still don't have one,1
0,Fraking app store is pissing me off,1
1,Logging out. I need to study....,0
0,anyone else having problems accessing TTB??? I cant get on!!!,0
1,I strongly dislike people who make stupid comments and dont know the whole story,1
1,"@emmaketurah i'm sorry Emma, is swarley a goldfish? i'm sad for u.",0
1,"All my tweets are already gone, aren't they Missed you guys tonight.",0
0,Can't sleep again. Face is kinda swollen. Don't let me be allergic to the thing that'll get me to Thursday. School tomorrow? Doubtful.,1
1,"@Snick_the_Dog If Izzy's on the cat tree, she'll stare him down, but if she's on the floor, he chases and she runs.",0
0,I am officially banning godaddy.com from my comp. My head hurts from the small print AND I wasted $10 that could've happily gone to Boba,1
1,@HumanOpium pretty much just scary for me,1
1,@ilovepie mines too... I'm finding it well hard to get fit...,0
0,"Good morning! Ready 2 go, but I want 2 go back 2 bed",0
1,hates waiting for mails,1
1,wheat bread from the dollar store just doesn't toast nicely going over my taxes and calling it an early night,0
1,"Why Kutner? I mean I knew something was going to happen to someone but it was so sad. House and it was well done, but I'm still sad",1
0,@JonathanRKnight aw ok goonite....,0
0,ill so i cant go to the cinema!!,1
1,Fell asleep . . . Really didn't mean too *christina*,1
0,"@KelleyRowe hey, you remember that time we used to be friends?? ;) ugh. vomit. sick. i need sleep",0
0,my lymph nodes are as massive as rahm emanuel's balls right now,0
1,Oh no my computer sucks. I don't think i'll be able to listen to the Xbox 360 Fancast tonite,0
0,is missing playing my trumpet,1
0,My throat is still really sore. I was meant to be going on a 5 day camp from Friday but not so sure now,1
1,@sasii I know exactly how you feel!,0
0,At work,0
1,Well bed time now. 1 am. *sighs* Back to 6 am mornings for a week on Wednesday.,0
1,@hert Jesus Camp? Yeah...,0
0,"@MaryBethune oh no! with everything that happened today, i forgot we were going dress shopping for the opera tomorrow.",0
0,Turtles are better than my Mac - lasts longer and moves faster,1
1,I am soaked. This is not pleasant,1
1,@ginayates Sorry to hear about Maggie. Thoughts to your mum.,0
0,"@ewarden, you may have to email this one to me I hope you feel better.",0
1,@laurenlenewx awww i'm sorry,0
1,@arlenecd PLEASE TELL ME THAT'S SOMEWHERE CLOSE TO CALIFORNIA!!! LOL!,0
1,@phlaimeaux where are you?,0
1,stupid arranged marriages... i'll convert so you can marry me...love you!,0
1,"@emilyruppe Well he said that he is a looser, and that is what the show implies",0
1,Poor Sandra Cantu the Cantu family! My prayers go out to them! What a sick world we live in. She was only 8,1
0,fuck omg austins always there though man love you,0
0,@nicolerichie I cried so hard when Matthew died,1
1,sad that the 'feet' of my macbook just fell off : sad that the 'feet' of my macbook just fell off,1
0,@chordsy - why am I the last to find out about these things? Like that you're on the twitter too.,0
0,@lovebscott absolutely not!!,0
1,Filled with curry the true indian in me is coming out,0
0,im soooo cold right now,0
1,@heidimontag lol I kant believe cam got beat upp sooo embarasing,1
1,@JonathanRKnight Good Knight hun! Looking forward to ur tweets again! Hate that i keep missing out on the fun cuz of the time difference,1
1,Tumblr: This is exactly how it feels wearing a,0
0,@daniela_95616 hahaa!! i just realized impune definitely isnt the word i wanted... dang. i'm so unclever.,0
0,watching old videos of dance team and such... makes me miss it,1
0,Wahh no CSI anywhere! DVR'ed I Love Money 2 though - gonna watch it then sleep - Goodnight Tweeters&lt;3,0
1,Struggling hard with Inventory,1
1,@ddlovato Do you hate us?? Please don't,1
0,@ballinbitch haha im not THAT ballin. I still got bills to paaaaay,0
0,I'm in one of those days when I really just want to work from home. Crap.,1
0,@paul_e_wog Wait...is it a game or just episodes? I'm so confused.,0
0,@carlyw66 HAHA. I cried... I guess he did....,0
1,I don't get statistics! Its all a bunch of mumbo jumbo for me.,0
0,"@sloanb Got it, sadly, only works for UK &amp; US at the moment",0
1,Evicted,0
1,doesn't enjoy learning CSS.,0
1,@nachojohnny Brian don't make me fuck u up LOL I replied 2 ur message...did u get my # ? I miss u,1
0,"@heidimontag I dvr'd it and went to watch it, apparently the dish network went down SO I MISSED IT I will have to catch a rerun!",0
0,@JessDubb lmao. U may have to wait for another season to come thru. its summe boo. Hot nd dry ass weather,0
1,@LizChavez I can't set my feet on the ground. The missing eyelid people might get me!,0
0,@daniela_95616 my english professor would be ashamed.,1
0,I wish the frogs weren't becoming extinct,0
0,"Came home from Cross County, Tired as",0
0,I don't want to walk home in this snow. Who wants to pick me up?,0
1,"@heidimontag Lauren is being stubborn. she loves you, you love her. I feel so bad for you, though. it made me cry lol!",0
1,is grouchy. and wants bmar,0
1,"my heart is broken every morning dropping Foo at pre school, now i understand when moms say he has my heart broken",1
1,Not feeling well and back hurts,1
0,Im in the mood for some chocolate. I want..... Miniature Reeses cups. Now,0
1,I can't take this heat! It's like an oven in here. I feel sick nwo,1
1,@nick_carter Come to the chat just 15 minutes please?,0
1,Boredd. Colddd Internet keeps stuffing up,0
0,"I had a horrible nightmare last night which affected my sleep, now I'm really tired",1
0,"im lonely keep me company! 22 female, new york",1
0,@Born_4_Broadway Lost and it was St. Ignacius Prepatory School. Haha.,0
1,@birutagme yeah it was really depressing... stuff like that gets to me,1
1,"@whoisariston No problem, tongue-in-cheek remark. Lots of acronyms, but no NZ",0
1,@greggrunberg hey you said matt was gonna go all ballistic... i was disappointed good ep tho mostly,1
0,ugh horrible ending to the sandra kantu story prayers go out.,0
0,@danielledeleasa I hate 2 B allergic i want a puppy soo bad that i've already thought some cool names,0
0,Morning folks 7.00 am ..yawn! Up &amp; away to see to horses - hope Twitter is better behaved today! Last night was a travesty,0
0,@QuanDotCom I miss mine too!,0
1,@AmandaEnglund Sorry to hear about your loss. There have been many this year so far.,1
0,@nicolerichie Gossip Girl was a repeat,0
1,@InYourEyes2410 I reckon,0
0,finding it really hard to use twitter,0
1,I've been stuck in this house for two days,1
0,is really sad and doesn't really know y!!??!!!,1
0,@thousand_miles no,0
1,"Maybe one of these years I'll get a tax return. A girl can dream, right?",0
1,"Back at work, tired as hell and i feel a cold coming",0
1,@clarianne @Knot2serious APRIL 9TH ISN'T COMING SOON ENOUGH,0
0,"@hannahsix cream for his eye and he may have herpes - not ocular herpes, but a different strain. He's doing okay though.",0
0,gotta repeat whole art folio cuz old one with a whole terms work got wet,0
1,I'm ready for the weekend already. It's only Monday.,0
0,@lovebscott umm nope..think im an insomniac ..plus i got the flu...i'lll be sleepin like a phuckin fish outta water any minute now!,0
1,"has Finland sleeping for the night, not really enough time",0
1,@lunafiko can't wait to try em but prolly have to wait until next weekend at the earliest,0
0,Shiner is taking up all my bed and blankets!,0
1,@clarianne APRIL 9TH ISN'T COMING SOON ENOUGH,0
0,wants to cry,1
1,I need to go to the bank tomorrow before I go broke...,0
1,"This earthquake in italy has me sadden. it's only three hours away from naples, where my family is",1
0,"i should be sleeping, i have a stressed out week coming to me.",1
1,@dragoneer Yea I am working tp hack my server to do the 12player thing for folks,0
1,@dragoneer Yea I am working tp hack my server to do the 12player thing for folks,0
1,@raymondroman oh noes. how did you manage to send something to the trash can AND empty it without noticing! i feel for ya,0
0,Lost my free copy of radioactive so can't put it on my ipod grr!And i can't go out + buy 'nother coz it came with that paper,0
1,doing make up shit,0
0,"Photoshop, I hate it when you crash",0
1,vacations makes me feel sick!,0
1,you shouldn't have gone,1
1,listening to Murd and 9th wonder- just chillen out missing my crazy sex life,1
0,"@louie094: shooting!?!! be careful, luisa",0
1,@hillary006 I'm sure everyone has ruined my gift to you Whitney has my serious Cell #...We doing easter as well?,1
1,is at Beso in Hollywood... so tired,0
0,"I don't want to wake up early tomorrow. Damn you, work!",0
1,just finished watching the movie Prayers for Bobby. Broke my heart,0
1,@syekr is myki really horrible?,0
1,@stephenkruiser i had 2 put my dog down today too someone ran her over,0
1,@NevadaWolf Sorry to hear about your DNF run tonight. Always a risk to get bad coords on an FTF!!,1
1,"@Honey3223 I did get some disgruntled people when I wrote my ESN, but the 1000 hits in one day made up for it. Bill pulls in 250 tops",1
0,"@moony394 OHH! OMG. LMAO. I'm crying right now, LOL! KUTNERRRR was the best!",0
1,came back from running and took a shower...why does my lower stomach still hurt after exercising?,0
0,watching Fallon with mom and working on a project...school is hard,0
1,56 min till home time and counting! I have a craving to visit the MAC store but they will have closed by the time I get there,0
0,@stephenkruiser I am so sorry to hear that! Take care!,0
0,@PaulColes hmmm...greed is good when it motivates the individual to do better-not so much when it takes away from others,0
0,"@GABBYiSACTiVE brat! You have to rub it in, don't you.... I want a mocha",0
0,KUTNERRRR! WHY??? WHY?????? And to think that 13 is still on the show?? UGH. Kutner/Kal Penn - you've been the bright star in Ho ...,0
1,@redvinylgirl my mom has it. I wish you the best of luck,0
1,I so hate homeworks -.- My head hurts so bad,0
0,got the ebay blues! item i want jumped from no bidders to over $100 in an hour.. still has 3 hours to go. i'd better not get my hopes up,0
0,@gigdiary I know - was a little depressed that we ate so much last night there were no leftovers today,1
1,"well the pc in my living room suffered a fatal partion lost, all my itunes library is gone.. and some docs with pics....",1
1,sad day: manu out for the season,0
0,@stephenkruiser You poor spunky...its so sad...my Rotti made it to 10 and I had to go down the same path....I know how you feel,1
0,im sooo sad right now i need a hug,1
0,"wants her step brother home im so worried, you dont even know. i hope he knows how much i care for him...",0
1,@heidimontag just got done watching the hills! loved it! excited for the next episode! and im sad this is the last season!,0
1,@ryanmwilson aww that stinks! *hugs*,0
0,"I'm tired. I feel like crap. And the world feels all crummy. Make me happy, USB disco mouse.",1
0,"i dont want to believe what im reading...buu,so sad",1
1,Wondering why gamebattles is down,0
1,White trash vs us... We were outnumbered.,0
0,"@emitstop So true, I have it and don't use it",0
1,"Spring break is here at last, but no one is here to celebrate",0
0,Morning! Bah Car won't start.. waiting for the ANWB....,0
1,"@katebornstein which is pretty anti memorial tattoos but for all but the strictest, there's no official BAN, just disapproving family",0
0,"Balamurugan, a longterm member of the team is leaving this month. We'll miss working with him hope he does well in his next venture",0
1,@JustGelo Its sad knowing how they found her body. What a crazy world we live in. No child deserves that ya know.,1
1,"I wanna rock a Maxi dress @ Coachella, but lacking funding",0
1,Of course the baby is screaming in the crib the night before my first day back at work. So I let him cry it out? Boooo,0
0,"I am home missing my baby Busy week ahead Fri is a chill day with my guy and kids, Egg hunt Sat, Spiral and DMB Sat night and Easter!",0
1,@FollowSavvy I never found her. everytime I click on her twitter thing through your myspace..... it goes to some dude's page,0
0,@stephenkruiser that's horrible sorryto hear that.,1
1,@David_Henrie i cant find it! it says dtmafiaofficial doesnt exist!there's jus 1 dtmafia i found n u dun seem to b followin it wht to do?,0
0,i thought you would support me on this,0
0,"augh, eff sarth i stole some of MIL's nail polish, its pretty!",0
0,Wishes I was on the Spring Fling Tour with Dawn &amp; neecee Sigh G'knight,0
1,The Hoyts Distribution NZ website isn't working for me. Great. And it HAS to be like this when I need it most,0
0,@crummyasshole i don't like that they only had him in the first movie cillian murphy is hot,0
0,wishes for good old cartoons to come back. ie: Captain Planet! Where's Wally! Daria! (sadness ),0
1,not feeling v good abt myself,1
0,i just got a text from sarah,0
1,Another day at centre point - this time an early start so guessing train will be rammed with commuters,0
1,"Four games this fall: Modern Warfare 2, Halo 3 ODST, Brutal Legend, and Bioshock 2 I need more cash",0
0,"@d_castillo ugh, that's disconcerting",0
1,@Devinthedude007 actually the whole site has finally been taken over by those damn russians,0
1,MY TWEETS ARENT GOING THROUGH,0
0,"Just finished a delicious breakfast, my last in Paris I'll miss milk, europe has the tastiest milk in the world, I don't drink it in US.",0
1,"iLearn is down and out, great considering finals are this week...",0
0,@Carmonium i'm stressed outttt,1
1,Also I shouldve Bern asleep an hour ago,0
0,trying to figure out this twitter thing...none of my friends are on yet. Soo much to see.,0
0,Re-pinging @Kyle44: Custom icons I made look cool but the edges could be less square might look bad on a diff background,0
1,I want to be back in LA,0
1,@enterbelladonna i dunno how to use the forum and i get frustrated with it. i'll miss talking to you on here.,1
1,@lilbucknuts41 not an option,0
0,@georgeruiz Unfortunately one of those moments wasn't a giant squid monster.,1
0,@thestar_rage I want one too is the branch in MidV open too?,0
1,"@daNanner aw, sorry to hear that.",0
0,"Change of plans, we ordered Macs instead. Time to hit the books!",0
1,@polhillian YUP.,0
1,@NKDreamer did you see Donnie's tweet stats? almost 700 @ replies...and no JRK,0
0,"@tim_grainger nah, I haven't received my stimulus yet",0
1,@ikimb0 i just seen ur tweet . plz write bak if u get this. i havnt got one reply bak,0
0,@McCainBlogette Awwwww and you were trying to go to sleep 3 hours ago,0
1,"@stephenkruiser I'm so sorry to hear that. It's always sad when we lose those close to us, as we loved them.",1
1,cant sleep but im still feelin like a piece of shit,1
1,@stephenkruiser oh my sympathies. it's a hard decision. i always hope my old border collie will go in her sleep. she's 14 too. *hug*,0
1,@josephheustess ...well there was this really cool part where... i wont spoil it,0
1,@limbecky I'm doing the time warp without you and am sad.,1
1,"@theresawhite this is true, lol but it's still a slap in the face after such a warm end of march",1
1,I hate converting movies just to put em on my itouch,0
0,gross i have a pimple,1
0,@Torturedlady yea ma'naaaaaaaaaaaaaaaaaaaam (marwan accent) lol,0
1,one less follower tonight,0
1,@Unholyknight so did your mom last night. brb while I figure out whether I just burned you or myself the most.,1
0,I feel like I am the only not on TweetDeck.,0
1,@Wyldceltic1 He has Karate tournament in 8 weeks,0
1,going to sleep can't be up until 1am again...and no I didn't finish my statistics homework!,0
1,North carolina baby!! Aint nothin stopping them but the nba draft,0
1,Can't sleep again,1
0,"I reaaly miss john mayer's twitters. fuck rude people. Remove him if you don't like his tweets, bitchfucks.",1
0,is going to have a late one at MQU today,0
0,im so tired of work...i need a life....,1
0,"just leavin work, my feet hurt",1
0,@PlayRadioPlay that was so sad and unexpected. i totally cried haha.,1
0,Superneej: Morning! Bah Car won't start.. waiting for the ANWB....,0
0,Still doing my homework!!!,0
1,A little sad,1
0,@deepbluesealove My Mom &amp; Dad both get up around 6...too early for me,0
0,should've been asleep two hours ago,0
1,@stephenkruiser So sorry to hear about your dog.,1
1,"Funny how the little things make me homesick, criminals breakn n2 a brownstone on LawNOrd CI made me misty",1
1,"@djsoulsister yeah, great vid. I had the 12&quot; single, but sold it a few years ago",0
1,im on val's mac in iitsc clubroom. still sweating,0
1,@stephenkruiser awww so sad!!! I'm so sorry!!,1
0,UpdatingFFE. That gives me nothing to do for a good twenty minutes!,0
1,"Hot compress not rily workng for pulled muscle gng to bed, good night",0
1,Have an invite for &quot;Healthy Dining&quot; session at Ashok Hotel today with Exec Chef R.Chopra but damn workload - will have to skip it!,0
1,@stephenkruiser I'm so sorry to hear about your dog wishing you happier days to come!,1
1,@hellivina I miss 'em too.,1
0,"@misstoriblack cool , i have no tweet apps for my razr 2",0
1,I'm off too bed. I gotta wake up hella early tomorrow morning.,0
1,still procrastinating... i hate organizing my clothes there's just so much....,1
0,"Just been playing with the new Mobbler v0.4.0 and it adds some great new features, but won't play music on my E71, like v0.3.5 did",0
1,@latroneb oh but there's one bestie missing,0
1,"@esuriospiritus time to come back to flawda for double dates! no, seriously, i'm sorry to hear that.",0
0,I'm up way to late to be working for a client 12:10 AM #fb,0
0,blegghhhh i have to go to work,0
1,Back at work @ John Muir Dr,0
1,@DAChesterFrench I emailed you yesterday and u never responded,0
1,It's going to be a long year for A's fans.,0
0,Just got done watching the new House episode.Definitely one of the saddest episodes ever.,0
1,Man... taxes suck. I'm horrified that i did something wrong on them. TurboTax decided to keep around a lot of the stuff I turned off.,1
1,Sleep time. Tomorrow is gonna suck,0
1,WTF Not Kutner! Oh I'm so pissed @ House. I mean really WTF,1
1,@AmberPacific i know i dont know why i said that,0
0,CASH RULES EVERYTHING AROUND ME,0
0,Just picked up some oats from the market to eat for breakfast with my boy @adamgoldston now time to do work at USC... late night,0
1,i feel sick too much icecream,0
1,@faithgg45 this computer doesn't have shockwave...blah no account yet,0
1,@RubyRose1 awww wish i could go! but its in sydney,0
1,@luxuryprgal hahaha suriously! I feel like everyone knows this show is a joke except lc!,0
1,"I just can't spell today, i totally suck",1
0,are you vaccinated against chicken-pox?should I vaccinate my 3 yr old?I am SO confused about this damn thing,0
1,@ school at least last day!!!!!!,0
0,Yawwwn! Gotta get up early tomorrow who's ready for the weekend???,0
0,i miss being at home for calving season...sad that black one died this morning wish i had some bottle calves!,1
1,@stephenkruiser i so sorry for your loss. my brother dog sam is sick w/cushings disease.,1
1,Back to work. I get to spend the next 8 hours alone in the dispatch room,1
0,"there's a new kind of starburst: favereds. sounds fab, bc cherry and strawberry are MY fav red's but they added watermellon and its yucky",0
0,"Well, so much for being productive on my 2 days off from Angels",0
1,@andreabakes Oh gee - insomnia sucks Have you tried melatonin?,0
1,@vivekg86 Good to hear that we have support in NetBeans. But then its NetBeans you know,0
1,@heidimontag I wish we would get it the same time at the rest of world. unfornately I am in Cairo and have to wait for mtva to play it,1
1,heartbroken over little sandra. prayers are with the family.,1
1,"@hadtobeyou I'm at 900 words, it's all can do I'll finish tomorrow maybe",0
1,@shortiethug how come ur background covers the screen but mine is in the corner?,0
1,"Wrote exactly three lines of dialogue tonight, then gave up.",1
0,@ashman01 My only complaint about Facebook is they've changed it so much it's confusing,0
0,Sliced my finger,1
0,going thru town and traffic on bypass is stink,0
1,Ugh can't sleep. Wish i had a good cuddle to Make me ass out,1
1,I hate when software update downloads updates without telling me. I never know what's downloading when it is,0
1,went to ihop again. Great for a diet At least there were no kung foo pancakes this time. -Rachel-,0
1,The internet is hating me. Night i s'pose.,0
1,@contactabe I'm so jealous. I missed all of opening day this year,0
1,It's so cruel having to wait for reviews to come in. So far it looks like Star Trek will be the best film of the year!,0
0,"Debating if I should just shower now, so I can sleep a little later tomorrow",0
1,My stress always culminates with physical pain.,1
0,need to sleep. but cant,1
1,my little pinky finger hurts so much..,0
0,@sarahsaturday I'm sorry your gift card ran out.... That suck.,0
1,home for spring break. no one is home tho,0
1,I accessed oneindia.mobi from a Google phone (Android). It doesn't support Indic languages,0
0,study group extraordinare' about to leave campus...some of torts outline finished-good thing-but sleepy as h*#@...will be back@ 7am,0
1,"Why can't airfare go down? Or, why do I have to live in Texas!! I don't know if I'll be able to make it to Iowa.",0
0,@j_stricko I found it pretty frustrating. stupid monkeys,0
1,"@lenesha but Im not feeling well, mommy...",0
0,"@lovebscott Nope, I'm Right Along Wit' You!",0
0,so a murder? gotcha. Cant believe it,0
0,@nbensalem i'm sitting at my house and i'm sooo not looking forward to my one class tomorrow.,0
1,"Ordered some maternity clothes online, which came today. I got something strange I didn't order, not in my size. And stuff is missing.",0
0,@citizensheep,0
0,@thesage1014 I wish I could! Gotta work though,0
1,@SeaGhostdesigns what happened to you on Saturday? You didnt show up...,0
1,@GirlsGoneChild,0
1,Can't fall asleep,1
1,I have mouth ulcer so painful to talk and eat!,0
0,"@danphelan Urgh, it was just the video, and they cut the Robots part!!!",0
1,my dog can't move anymore. praying that he will be okay,0
1,@Kal_Penn you were pretty much my fave...not much reason to watch now,0
1,@Artistbabee but tht's annoying &amp;definitely not bitchy enough he def broke like everything in me. he prolly doesn't even kno oct. 5!,0
1,@mileycyrus hahaha dont be like that one time in NY when you got 30 mins of sleep then got sick love you!!,0
1,@normalguyguide I can't! I have so much to learn about WWI by tomorrow at noon!,0
0,New Post! http://tinyurl.com/cexkqy,0
0,@graemearcher I am sad about Innocent selling out too!,0
0,dang won't be able to get to any workshops run by web directions,0
0,"@BenPritchett goodness me, how did you find me?? it's good to hear from you Ben! I still have your video game and book...I apologize",0
1,Jap girls ? They're leaving!,0
1,my poor little girl has a baaaad rash on her bum and isnt feeling good,0
0,@nicolerichie yes! we had the VHS. i cried when the old man died,1
0,"Argh, got up early for Girls Aloud on Freshly Squeezed and it was just the video",0
0,"#travian Total cost of the atk for the aggressor: 273,310 resources all said and done. I'm guessing he's not going to let that slide.",0
0,waiting for kelly's call.,0
1,"mhm, not having a good day blah blah blah",0
0,"@octopuseatspie I GOT THE I CAN HAS CHEZBURGER BOOK FROM THE LOBO, AND YOU ARE NOT HERE TO LOOK AT IT WIF ME",0
0,"I'm trying to work on my last assignment of the year, but I just can't get that spark. All I want to do is lay in the grass and read.",0
0,@robertfperez ugh of course not Just thursday and friday..sat I have both kids,0
1,@Kal_Penn OH MY GOSH. I'M STILL ~EMOTIONALLY~ DYING AT THE FACT THAT KUTNER'S GONE! Arggg. Kal ily.,1
1,@kaozdesign I think I found my face...unfortunately. You didn't find yours yet?,0
0,seeing that shouldnt have made my stomach flip like it did,0
0,Headache... Pleeeease go away,0
0,@siddharth_ind yeah i do. i have an application that runs every few minutes to do that but its the add-ons. they conflict all the time,0
0,Pretty good coaching with exceptional talent trounces exceptional coaching and pretty good talent. MSU,0
0,I hate Tuesdays,0
0,@gracedent it's her &quot;hair&quot; I can't deal with,0
0,Feel like I'm stuck in a rut. Waiting to hear back from schools is killing me. Also decided to take a break from #wow for awhile.,1
1,i need new glasses...mines is hangnon 1 arm,0
0,Meat Week Day 3: Tummy hurts every night,0
1,Why isn't there a &quot;fake&quot; Verruca on Twitter?... Now i'm sad.,0
1,On the phone with the bestie than shower.. Confused I don't know what to do,0
0,"@Sirrah21 Aww poor froofroo, this is way too late for you",0
1,i miss my 808 fam,1
0,@OfficialPRofOZ she sed puerto rican,0
0,@JoeFernandez @klout your not thinking of selling are you?,0
0,"@simX Yeah. I always slow down at the end also, take that! I win.",0
0,"@pornstartweet i wanna go, but I am only 20!!!!",1
1,@LoveMeagan how i mss the snippet hun?..wts it of may i ask?..i wanna hear,0
1,"I know! Big love, true blood and united states of tara have too long of waits between seasons!",0
1,@sensesdestroyer I wanna go to lamb of god,0
1,is sad she has lost her HN arm band...it just disappeared,0
0,set my alarm to wake up... wanted to speak to my sis in Africa on Skype - I miss her sooo much,0
0,awh damn! my puppy has ticks,0
1,"House made me sad. Oh, Kutner",1
0,@_saffron Why not? :[,1
1,Why do I keep looking...I know that what I read is gonna hurt but I still look! I guess it's just a girl thing &amp; I need to get over him.,1
1,needs hugs/snuggles...,1
0,"@Health4UandPets saw the one with a GSD covered in them, and I could not stop crying. I just bawled and bawled",1
0,Rachel and jessy r making me work out thanks you guy,1
0,I'm wishing I had more time,1
1,@mycaricature The only bit that got me really was when he said Babs was a bad mum I'm sure that hurts her even though she's laughing.,1
1,I am not wanting to go to school tomorrow.,0
0,Used the term &quot;Fail Whale&quot; to a client on a pitch last night. From their incomprehension corp twitter is being done much lower in the org,0
0,@rootbeerfloats8 You hate Billy now?!,0
0,On a 2-day work-week..fast-forward to Thursday please,0
1,@snaprebelx omg i love that show. i would be so mad. i feel ur pain im sorry they spoiled it for u,0
0,Is it possible to die from coughing? It SUCKS being ill,0
1,cant believe i have to go all the way to Barnes for work today....instead of a 5minute walk to St Johns Wood,0
0,@paulieseow hahahahahah i can easily make ice milo but its just not the same,0
1,why do both of my best friends have to be shitty simultaneously? Can u at least take turns hurting my feelings? jerks.. going 2 sleep.,1
1,My #art is regressing...,0
1,@onlysweeter I don't know the dance.,0
1,@laurwee_boo im ok I guess had a hard day,0
0,Jade is looking for a new home..,0
0,damnnn! i missed 11:11,0
0,"@sarahprout tweetfinder hates me and I was having trouble with background on twitter,what do you think?",0
0,@Twilighter4Life lol yeh ill be studying stupid uni. only 2 more weeks and im on holidays! YAY! plus my birthday next week woot,0
0,"@transbay &quot;SFMTA Budget Proposal Hearing: tomorrow, April 7 at 2:00 pm (City Hall, Room 400). Sadly, I cannot attend.&quot; Me neither.",0
1,is afraid that her G.I. notes will not read themselves.,0
1,*Sigh* Rain??? Why did you decide to show up? Move away! You were not invited to the Tuesday-party (this is not the start I hoped for),0
0,"_secretgarden_ I haven't gotten any porn spammers I don't check my followers, but haven't had any tweets like that.",0
0,Somebody is selling the Japan only release of my first album on E Bay for $25. Damn thats it? A classic is worth more than that!,0
0,@charleneli Disqus now integrates conversations on many platforms. haven't heard abt JS-Kit,0
0,and they advertising fake louis bags as 100% authentic on google i'm pissed!,0
0,Can't sleep dam naps lol... and its hot,0
1,Why do I keep looking...I know that what I read is gonna hurt but I still look! I guess it's just a girl thing.,0
1,"@henrygooden @oddchicken I went there about a month and a half ago, was still open then. Smelt really good, but I was getting sick",0
0,is ready to go to bed..long day tomorrow,0
0,job searching.....FYI: Yahoo HOT JOBS suck! .. im never going to find a job,1
1,"No electricity today, so no tweets.",0
1,@big_think Can Zack tell me how to edit my Bio/Profile? Why create a login at a different co's site to get an answer from BT TechHelp?,0
1,"Morning all, starving and dying for a cuppa but can't cos off to docs for fasting blood test in a little while",0
0,Very tired this morning - no idea why! Great start to the day,0
1,"Morning All, I'm back from my little break from the computer. back to work again today",0
0,At mobilityvic.org launch. No grog nice video from PWC though,0
0,still no &quot;followers&quot; please some1 inform me on how this works????,0
1,misses him right now. i need a hug,1
1,Tried to get up earlier today........didn't work out,0
0,Omg revisions revisions revisions! I feel like I wasted an amazingly beautiful day today doing pointless work,1
0,Foot is out of commission ouch! Running this morning did not help...not smart.,0
0,"About to shower, which I hope will wake me up at last. Oh, and the synth experiments yielded nothing last night",0
0,is really bored and really sleepy...and mad she can't find a custom lanyard maker that wont make me buy 1000000 minimum,0
0,@cmykevin ooh nice! but williams sonoma already got to me.,0
0,I've finally given in. Now at Malaysian restaurant waiting for nasi lemak and teh Tarik. Mereka tak faham bm...,0
0,Waitin 4 the theory test centre 2 open,0
0,"got woken up this mornng at 7am - damn Lorry , van and car accident just outside on our main road also causing car alarms to go off.",0
0,I think I need to get laid. Sad revolution I had earlier rofl,1
0,@ourcitylight that was so sudden!!,0
0,Now i want Amanita ...someone made me feel unliving.,1
0,@lanaRISQUE hahahahhha!! hows your food poisening going? has it gone away?,0
0,@MissxMarisa haven't heard from Hannah at all yet!! it's very disappointing,1
0,@hutsoncap everything alright?,0
0,is procrastinating... i feel ill.. but don't want to go to bed.,0
0,@danielhalpin Gonna try and find a sports bar to watch that at... not got a chance though I don't think,0
0,wants to go home and watch The Hills,0
1,@sarmar I guess I'm out of funny,0
1,@moethebeat aww moe! I was planning on leaving tomorrow evening are you gonna be in town by chance?,0
0,"i wanna write, but i'm not cool enough to make up a storylineee.",0
0,"@Gripping agreed! love the sound, but hates how everyone knows them",0
0,@brendamew2 no art tomorrow. and nice to see you've joined twitter!,0
1,"Sigh, I think my PMS is making my mind totally over-analyse things and making me sad",1
0,@doriantaylor I had one outside my patio. I named him Rex. Then the gardner took him down. RIP Rex,1
0,Ooops. Just ate a panini from W-mart cold that says it needed to be thoroughly cooked. It didn't taste raw. I die nao from f. poisoning?,0
1,Good morning for a very rainy France No gardening for me today.,0
0,"If ever there was a day for staying in bed, today is it",0
1,Got to take Cleo to the vets. Not sure what's wrong with her but she's feeling very sorry for herself.,1
1,"today is day 1 of my fast &amp; i feel i may break b4 i go 2 bed i must hold out til the end of the wk! must stayed focused, wish me luck...",1
1,Extremely jealous...,0
1,@kimmyawesome Ohhhh that sucks I love the summer set.,0
1,@daydee tell it you forgot your password &amp; it will give you a new one. it's the only way I can prevent tons of spam,0
1,bedtime. wake up call at 7am,0
0,So glad I made it through work - with an extra hour too and my paycheck. Still waiting on the one I lost though,0
1,"Mum's been taken to hospital, they don't know what's wrong, she's been vomiting since yesterday. Rushing back to get to the hospital",1
1,congested nose,0
1,Can't sleep. Need to talk to someone.,1
0,"@penalba por favor decime ke no estas involucrado en esa pagina nicatrolls, they're THE CANCER that's killing b",1
1,"too cold and tired to write good twitter. everyone was obeying the cops tonight, total dissappointment. we were so close",1
1,Lifee Gets Worsee Worsee,1
0,@dnwallace - I am shuddering and shaking too,1
1,"Sorting brekkie for the kids then off to the horrible place called work, boohoo",0
0,my condolences to natasha richardson's family,0
1,@LittleYellowJen what do don't think ily?? nawwww,0
0,Where's Derrick,0
1,Needs to stop sleeping all day.. Causes some problems when you're wide awake at 2:45am...,1
1,missed today's ELLEN,1
1,I suddenly miss my Flintstones vitamin tablets SOOOO GOOOOD,0
1,@mattpro13 legitimately good cops out there,0
1,@onlytosee Twitter's been doing that to me tooo.,0
1,@pealuh I think I need to go to Twitterholics Anonymous......,0
1,@lizhenry we haven't heard from her or sha.,0
1,my heart has been broken.,1
1,i forgot how to sleep,1
1,Morning everyone! In serious need of some decent coffee.. why isn't the catering open yet at 08.30?,0
0,@mostazzza Im sorry I've failed you,1
1,@CodaQueen oh wait he does have 1 in Oakland on the 18th. Can't understand why he only has 1 &amp; in Oakland,0
1,is missing talking to my bff on da phone!!!!,1
1,wondering why I am so stupid Need to eat more fish I guess *sigh*...,0
1,i miss my old friends from elementary ans middle school,0
0,@twitter please fix this because it brakes all external twitter avatar searches,0
0,looks like i've missed out on yet another job someone please employ me! Haha,0
0,"@tacce dang, I'll get HOUSE off iTunes. I hear it was a devastating episode",0
1,Wow.... the shout box has kicked me out and I can't get back in. I guess this means good night,0
0,Slideshare's embed code is annoying me. Sorry about the tiny embed #fail,0
1,@Flawless326 Why did my baby have to eat 3 prunes today and now he finally went ! My poor baby,0
1,I'am bored. Nothing to do!,0
1,morning all - 1st appointment of the day - the dentist !,0
0,"@amyserrata he wrote most of the album, but ironically, the singles he did not write",0
0,Someone PLEASE take Gossip Girl away from me. I'm addicted,0
1,good night swetdreamss to everyonee and jared never chat in kyte puff,0
1,Horrible sore throat hurts,0
1,"Time to get dressed, I suppose...gah another workday",0
0,"Not to self: licking off pudding from a seafood fork, not so enjoyable as slowly licking off of a spoon",0
0,All ready to go to the premier and just realized how under dressed I am,1
0,It just makes me happy! over and over again. I wish I wan't afraid to fly,0
0,@Eyrro awwwww bummerr...sorry missed it again,0
0,Waking up to the sound of jackhammers is not a pleasant way to start the day.,0
0,@almostcool i'm off now,1
1,"@jon8737 that just totally made my night, LMAO. They were like screaming at me and I couldn't focus on the 900 mph song",0
1,Nevada is really long and the gas pumps are down But on a good note I just won $5 in a slot machine!! I love to gamble!!!,0
1,@amirrabennett nope. baby's due in 5th may! getting closer but still 1001 things not done,0
0,headache,0
1,is still effinggggg sick when will i get better?! ughh,0
1,Still in bed and dont want to do anything else. University is callung too loud,0
0,seattle is in tents! i miss my T.O. peepz tho,0
0,It just makes me happy! over and over again! I just wish I wasn't afraid to fly,0
1,Errrggggg! My tummy hurts.,0
0,"thought it would be interesting to get F1 updates from Twitter, slightly regretting the decision, I can't see anyone elses's updates",0
1,ripped switcheasy colors,0
0,We failed that song,0
1,poor mel. Feeling your pain.,1
0,Ugh. still working on project just taking a small break,0
0,The one day I have to go to school is the same day something exciting happens at parliament square,0
0,@watko Shockingly not!,0
0,"Today was a less interesting day on Twitter. @cboyack , @igeldard , and @iidiocracy were all kind of quiet today",0
0,@CourtneyBrwn awww thanks.. i hate being sick,0
